new_name;group_english;label_english;nice_name_english;group_german;label_german;nice_name_german
p_infected;Subjective Risks;How likely do you think it is that you will become infected with the new coronavirus in the next 2 months?;Be Infected;Subjektive Risiken;Für wie wahrscheinlich halten Sie es, dass Sie sich innerhalb der nächsten 2 Monate mit dem Coronavirus infizieren?;sich infizieren
p_acquaintance_infected;Subjective Risks;How likely do you think it is that someone in your direct environment (family, friends, colleagues) will be infected with the new coronavirus in the next 2 months?;Friend Infected;Subjektive Risiken;Für wie wahrscheinlich halten Sie es, dass sich innerhalb der nächsten 2 Monate jemand aus Ihrem direkten Umfeld (Familie, Freunde, Kollegen) mit dem Coronavirus infiziert?;Freund infiziert
p_hospital_if_infect_self;Subjective Risks;How likely do you think it is that you will need inpatient care if you became infected with the new coronavirus in the next 2 months?;Hospitalized;Subjektive Risiken;Für wie wahrscheinlich halten Sie es, dass Sie stationäre Pflege benötigen, wenn Sie sich in den nächsten 2 Monaten mit dem Coronavirus infizieren?;hospitalisiert
p_infected_and_pass_on;Subjective Risks;How likely do you think it is that you will get infected and infect others in the next to months?;Spread Virus;Subjektive Risiken;Für wie wahrscheinlich halten Sie es, dass Sie sich innerhalb der nächsten 2 Monate infizieren und andere anstecken?;Virus verbreiten
p_hospital_healthy_5;Vignettes: Risk of Hospitalization;How big do you think the chances are that an otherwise healthy 5 year old will have to go to the hospital?;Healthy Child;Vignetten: Risiko eines Krankenhausaufenthaltes;Für wie groß halten Sie die Wahrscheinlichkeit, dass ein nicht vorerkranktes fünfjähriges Kind ins Krankenhaus muss?;ges. Kind
p_hospital_healthy_30;Vignettes: Risk of Hospitalization;How big do you think the chances are that an otherwise healthy 30 year old will have to go to the hospital?;Healthy Adult;Vignetten: Risiko eines Krankenhausaufenthaltes;Für wie groß halten Sie die Wahrscheinlichkeit, dass ein/e nicht vorerkrankte/r 30-Jährige/r ins Krankenhaus muss?;ges. Erwachsener
p_hospital_healthy_75;Vignettes: Risk of Hospitalization;How big do you think the chances are that an otherwise healthy 75 year old will have to go to the hospital?;Healthy Old;Vignetten: Risiko eines Krankenhausaufenthaltes;Für wie groß halten Sie die Wahrscheinlichkeit, dass ein/e nicht vorerkrankte/r 75-Jährige/r ins Krankenhaus muss?;ges. Älterer
p_hospital_preexist_30;Vignettes: Risk of Hospitalization;How big do you think the chances are that an 30 year old with diabetes and chronic cardiovascular disease will have to go to the hospital?;Predisposed Adult;Vignetten: Risiko eines Krankenhausaufenthaltes;Für wie groß halten Sie die Wahrscheinlichkeit, dass ein/e 30-Jährige/r mit Diabetes und chronischen Herz-Kreislauf-Erkrankungen ins Krankenhaus muss?;ris. Erwachsener
p_hospital_preexist_75;Vignettes: Risk of Hospitalization;How big do you think the chances are that an 75 year old with diabetes and chronic cardiovascular disease will have to go to the hospital?;Predisposed Old;Vignetten: Risiko eines Krankenhausaufenthaltes;Für wie groß halten Sie die Wahrscheinlichkeit, dass ein/e 75-Jährige/r mit Diabetes und chronischen Herz-Kreislauf-Erkrankungen ins Krankenhaus muss?;ris. Älterer
p_die_healthy_5;Vignettes: Risk of Death;How big do you think the chances are that an otherwise healthy 5 year old will die?;Healthy Child ;Vignetten: Sterberisiko;Für wie groß halten Sie die Wahrscheinlichkeit, dass ein nicht vorerkranktes fünfjähriges Kind stirbt?;ges. Kind
p_die_healthy_30;Vignettes: Risk of Death;How big do you think the chances are that an otherwise healthy 30 year old will die?;Healthy Adult;Vignetten: Sterberisiko;Für wie groß halten Sie die Wahrscheinlichkeit, dass ein/e nicht vorerkrankte/r 30-Jährige/r stirbt?;ges. Erwachsener
p_die_healthy_75;Vignettes: Risk of Death;How big do you think the chances are that an otherwise healthy 75 year old will die?;Healthy Old;Vignetten: Sterberisiko;Für wie groß halten Sie die Wahrscheinlichkeit, dass ein/e nicht vorerkrankte/r 75-Jährige/r stirbt?;ges. Älterer
p_die_preexist_30;Vignettes: Risk of Death;How big do you think the chances are that an 30 year old with diabetes and chronic cardiovascular disease will die?;Predisposed Adult;Vignetten: Sterberisiko;Für wie groß halten Sie die Wahrscheinlichkeit, dass ein/e 30-Jährige/r mit Diabetes und chronischen Herz-Kreislauf-Erkrankungen stirbt?;ris. Erwachsener
p_die_preexist_75;Vignettes: Risk of Death;How big do you think the chances are that an 75 year old with diabetes and chronic cardiovascular disease will die?;Predisposed Old;Vignetten: Sterberisiko;Für wie groß halten Sie die Wahrscheinlichkeit, dass ein/e 75-Jährige/r mit Diabetes und chronischen Herz-Kreislauf-Erkrankungen stirbt?;ris. Älterer
avoid_busy_places;Social Distancing;I have avoided certain (busy) places;Avoid Crowds;Soziale Distanzierung;Ich habe bestimmte (belebte) Plätze gemieden;Vermeidung Pulk
avoid_public_places;Social Distancing;I have avoided public places;Avoid Places;Soziale Distanzierung;Ich habe öffentliche Plätze gemieden;Vermeidung Plätze
maintain_distance;Social Distancing;I have maintained physical distance from other people (> 1.5m);Keep Distance;Soziale Distanzierung;Ich habe physischen Abstand (>1,5m) von anderen Personen gehalten;Abstand halten
adjust_school_work;Social Distancing;I have adjusted my school / work situation;Adjust Work;Soziale Distanzierung;Ich habe meine Schul- bzw. Arbeitssituation angepasst;Arbeitsanpassung
quarantine_symptoms;Social Distancing;I have quarantined myself because I had symptoms.;Quarantine Sick;Soziale Distanzierung;Ich habe mich in Quarantäne begeben, da ich Symptome hatte.;Quarantäne krank
no_health_behaviors;Social Distancing;I have done none of the above;No Changes;Soziale Distanzierung;Ich habe nichts davon getan;keine Änderungen
effect_close_schools;Subjective Effectiveness of Policies;How effective do you think school and pre-k closures are in fighting the spread of coronavirus?;Close Schools;Subjektive Effektivität der Politikmaßnahmen;Für wie effektiv halten Sie die Schließung von Schul- und Vorschuleinrichtungen, um die Verbreitung des Coronavirus zu bekämpfen?;Schulschließung
effect_close_sports;;How effective do you think is it to close sport establishments to fight the spread of coronavirus?;Close Sports;Subjektive Effektivität der Politikmaßnahmen;Für wie effektiv halten Sie die Schließung von Sportstätten, um die Verbreitung des Coronavirus zu bekämpfen?;Schließung Sport
effect_close_food_service;Subjective Effectiveness of Policies;How effective do you think is it to close bars, cafes and restaurants to fight the spread of coronavirus?;Close Eateries;Subjektive Effektivität der Politikmaßnahmen;Für wie effektiv halten Sie die Schließung von Bars, Cafés und Restaurants, um die Verbreitung des Coronavirus zu bekämpfen?;Schließung Lokale
effect_close_most_stores;Subjective Effectiveness of Policies;How effective do you think is it to close all stores except grocery stores and pharmacies to fight the spread of coronavirus?;Close Shops;Subjektive Effektivität der Politikmaßnahmen;Für wie effektiv halten Sie die Schließung von allen Geschäften außer Lebensmittelgeschäften und Apotheken, um die Verbreitung des Coronavirus zu bekämpfen?;Schließung Läden
effect_forbid_hospital_visits;Subjective Effectiveness of Policies;How effective do you think is it to forbid visits to hospitals, nursing homes and retirement homes to fight the spread of coronavirus?;No Hospital Visits;Subjektive Effektivität der Politikmaßnahmen;Für wie effektiv halten Sie das Verbot von Besuchen in Krankenhäusern, Pflegeheimen und Altersheimen, um die Verbreitung des Coronavirus zu bekämpfen?;Kein KH-Besuch
effect_curfew_high_risk;Subjective Effectiveness of Policies;How effective do you think is it to enact a curfew (except on grocery shopping and necessary medical procedures) on over 70 year olds and people with preexisting conditions to fight the spread of coronavirus?;Curfew Elderly;Subjektive Effektivität der Politikmaßnahmen;Für wie effektiv halten Sie das Verhängen einer Ausgangssperre (außer für Lebensmittelkäufe und notwendige medizinische Behandlungen) für Über-70-Jährige und Vorerkrankte, um die Verbreitung des Coronavirus zu bekämpfen?;Sperre Senioren
effect_curfew_non_crucial;Subjective Effectiveness of Policies;How effective do you think is it to enact a curfew (except on grocery shopping and necessary medical procedures) on everyone except for people in critical professions to fight the spread of coronavirus?;Curfew Most;Subjektive Effektivität der Politikmaßnahmen;Für wie effektiv halten Sie das Verhängen einer Ausgangssperre (außer für Lebensmittelkäufe und notwendige medizinische Behandlungen) für alle außer in kritsichen Berufen tätige Personen, um die Verbreitung des Coronavirus zu bekämpfen?;Sperre meiste
comply_curfew_self;Compliance with Curfew;Would you comply with a curfew?;Would Comply;Einhalten der Ausgangssperre;Würden Sie eine Ausgangssperre einhalten?;Sperre einhalten
approp_gov_medical;Appropriateness of Policy Response;Has the federal government taken enough action to safeguard medical coverage to fight the current epidemic?;Medical System;Angemessenheit der Antwort der Politik;Hat die Bundesregierung genügend getan, um die medizinische Versorgung zur Bekämpfung der aktuellen Epidemie sicherzustellen?;Gesundheitssystem
approp_gov_restrict_public_life;Appropriateness of Policy Response;Has the federal government taken enough action in restricting the public life to fight the current epidemic?;Public Life;Angemessenheit der Antwort der Politik;Hat die Bundesregierung genügend Maßnahmen ergriffen, um das öffentliche Leben zu beschränken, um die aktuelle Epidemie zu bekämpfen?;öffentliches Leben
approp_gov_econ_mitigation;Appropriateness of Policy Response;Has the federal government taken enough action to mitigate the economic repercussions to fight the current epidemic?;Help Economy;Angemessenheit der Antwort der Politik;Hat die Bundesregierung genügend Maßnahmen zum Abschwächen der wirtschaflichen Auswirkungen ergriffen, um die aktuelle Epidemie zu bekämpfen?;Wirtschaftshilfe
approp_gov_communication;Appropriateness of Policy Response;Has the federal government taken enough action communicating with the general public to fight the current epidemic?;Communication;Angemessenheit der Antwort der Politik;Hat die Bundesregierung genügend Maßnahmen zur Kommunikation mit der Öffentlichkeit ergriffen, um die aktuelle Epidemie zu bekämpfen?;Kommunikation
trust_gov;Trust in Government;In general, how confident are you in the government?;Confidence;Vertrauen in die Regierung;Wie sehr vertrauen Sie der Regierung im Allgemeinen?;Vertrauen
labor_status_liss;;Which of the following options describes your work situation at the beginning of March 2020 best?;Work Situation;;Welche der folgenden Optionen beschreibt Ihre Arbeitssituation Anfang März 2020 am Besten?;Arbeitslage
nr_children_hh;;How many children under 12 are in your household?;How Many Children;;Wie viele Kinder unter 12 Jahren leben in Ihrem Haushalt? ;Kinderanzahl
cc_self_home;Childcare Adjustments;I stay at home.;Self;Anpassungen in der Kinderbetreuung;Ich bleibe zu Hause.;Selbst
cc_partner_home;Childcare Adjustments;My partner stays at home.;Partner;Anpassungen in der Kinderbetreuung;Mein Partner bleibt zu Hause;Partner
cc_older_siblings;Childcare Adjustments;The older siblings care for the younger children.;Older Siblings;Anpassungen in der Kinderbetreuung;Die älteren Geschwister kümmern sich um die jüngeren Kinder.;ältere Geschwister
cc_grand_parents;Childcare Adjustments;The grandparents care for the children.;Grandparents;Anpassungen in der Kinderbetreuung;Die Großeltern kümmern sich um die Kinder.;Großeltern
cc_other_relatives;Childcare Adjustments;Other relatives or friends care for the children.;Other Relatives;Anpassungen in der Kinderbetreuung;Andere Verwandte oder Freunde passen auf die Kinder auf.;andere Verwandte
cc_share_neighbors;Childcare Adjustments;I organize child care with friends / neighbors together.;With Neighbors;Anpassungen in der Kinderbetreuung;Ich organisiere Kinderbetreuung zusammen mit Freunden und Nachbarn.;mit Nachbarn
cc_state;Childcare Adjustments;The state organizes child care for my profession.;State Organized;Anpassungen in der Kinderbetreuung;Der Staat organisiert Kinderbetreuung für meinen Beruf.;Staat organisiert
cc_ex_partner;Childcare Adjustments;My ex-partner cares for the children.;Ex Partner;Anpassungen in der Kinderbetreuung;Mein Ex-Partner kümmert sich um die Kinder.;Ex-Partner
cc_home_alone;Childcare Adjustments;The child(ren) stay(s) at home alone.;Children Alone;Anpassungen in der Kinderbetreuung;Das Kind/die Kinder bleibt/bleiben alleine zu Hause.;Kinder alleine
cc_other;Childcare Adjustments;Otherwise;Other;Anpassungen in der Kinderbetreuung;Ansonsten;sonstige
cc_other_str;;Otherwise, namely:;;;;
cc_emergency_helpful;;Are you well helped with this emergency (child) care?;State Care Helps;;Wird Ihnen durch die Notfall(kinder)betreuung gut geholfen?;Staatl. Betreung
cc_emergency_comment;;If you want to say something about this emergency (child) care, maybe about what you think could be improved, you can put it here;Comment Childcare;;Wenn Sie etwas zu dieser Notfall(kinder)versorgung anmerken möchten, z.B. was Ihrer Meinung nach verbessert werden könnte, können Sie dies hier tun.;Anm. Kinderbetr.
liked_survey;;How did you like this survey overall?;;;;
remarks;;Do you have any remarks or would like to add something to the special survey on the topic of coronavirus?;;;;
effect_mask;Subjective Effectiveness of Health Behaviors;In your opinion, how effective is wearing a mask when it comes to protecting yourself against the coronavirus?;Wear Mask;Subjektive Effektivität von Gesundheitsverhalten;Wie effektiv ist Ihrer Meinung nach das Tragen einer Maske, um sich selbst vor dem Coronavirus zu schützen?;Maske tragen
effect_pray;Subjective Effectiveness of Health Behaviors;In your opinion, how effective is praying when it comes to protecting yourself against the coronavirus?;Pray ;Subjektive Effektivität von Gesundheitsverhalten;Wie effektiv ist es Ihrer Meinung nach, zu beten, um sich selbst vor dem Coronavirus zu schützen?;beten
effect_wash_hands;Subjective Effectiveness of Health Behaviors;In your opinion, how effective is washing your hands or using desinfectant when it comes to protecting yourself against the coronavirus?;Wash Or Disinfect;Subjektive Effektivität von Gesundheitsverhalten;Wie effektiv ist es Ihrer Meinung nach, sich die Hände zu waschen oder Desinfektionsmittel zu benutzen, um sich selbst vor dem Coronavirus zu schützen?;waschen/desinf.
effect_doctor_ill;Subjective Effectiveness of Health Behaviors;In your opinion, how effective is calling a physician if you are ill when it comes to protecting yourself against the coronavirus?;Physician (Sick);Subjektive Effektivität von Gesundheitsverhalten;Wie effektiv ist es Ihrer Meinung nach, einen Arzt zu rufen, wenn Sie krank sind, um sich selbst vor dem Coronavirus zu schützen?;Doktor (krank)
effect_doctor_healthy;Subjective Effectiveness of Health Behaviors;In your opinion, how effective is calling a physician if you don't feel ill but are worried when it comes to protecting yourself against the coronavirus?;Physician (Well);Subjektive Effektivität von Gesundheitsverhalten;Wie effektiv ist es Ihrer Meinung nach, einen Arzt zu rufen, wenn Sie sich zwar nicht krank fühlen, jedoch besorgt sind, um sich selbst vor dem Coronavirus zu schützen?;Doktor (gesund)
effect_avoid_public;Subjective Effectiveness of Social Distancing;In your opinion, how effective is avoiding public places when it comes to protecting yourself against the coronavirus?;Avoid Public;Subjektive Effektivität von sozialer Distanzierung;Wie effektiv ist es Ihrer Meinung nach, öffentliche Plätze zu meiden, um sich selbst vor dem Coronavirus zu schützen?;Öffentl. meiden
effect_avoid_high_risk;Subjective Effectiveness of Social Distancing;In your opinion, how effective is avoiding vulnerable people when it comes to protecting yourself against the coronavirus?;Avoid High Risk;Subjektive Effektivität von sozialer Distanzierung;Wie effektiv ist es Ihrer Meinung nach, gefährdete Personen zu meiden, um sich selbst vor dem Coronavirus zu schützen?;Risiko vermeiden
effect_avoid_hospital;Subjective Effectiveness of Social Distancing;In your opinion, how effective is avoiding visitng others in the hospital or retirement homes when it comes to protecting yourself against the coronavirus?;Avoid Hospital Visits;Subjektive Effektivität von sozialer Distanzierung;Wie effektiv ist es Ihrer Meinung nach, Besuche anderer in Krankenhäusern oder Altersheimen zu meiden, um sich selbst vor dem Coronavirus zu schützen?;KH vermeiden
effect_avoid_gastro;Subjective Effectiveness of Social Distancing;In your opinion, how effective is avoiding cafes and restaurants when it comes to protecting yourself against the coronavirus?;Avoid Eateries;Subjektive Effektivität von sozialer Distanzierung;Wie effektiv ist es Ihrer Meinung nach, Cafés und Restaurants zu meiden, um sich selbst vor dem Coronavirus zu schützen?;Restaurants meiden
effect_avoid_public_transp;Subjective Effectiveness of Social Distancing;In your opinion, how effective is avoiding public transport when it comes to protecting yourself against the coronavirus?;Avoid Public Transp.;Subjektive Effektivität von sozialer Distanzierung;Wie effektiv ist es Ihrer Meinung nach, öffentliche Verkehrsmittel zu meiden, um sich selbst vor dem Coronavirus zu schützen?;ö. Verkehr meiden
contact_older_people;Contact with the Elderly;Have you had personal, social contact with older people in the past seven days?;Contact With Old;Kontakt mit Älteren;Hatten Sie in den letzten sieben Tagen persönlichen sozialen Kontakt mit älteren Menschen?;Kontakt Alte
supp_close_schools;Support for Policies;Under the current circumstances, do you disagree or agree with the following (possible) policies against spreading the coronavirus? All kindergardens and schools have ot stay closed;Close Schools;Unterstützung für Politikmaßnahmen;Unter den aktuellen Umständen, stimmen Sie den folgenden (möglichen) Maßnahmen gegen die Verbreitung des Coronavirus zu, oder lehnen Sie sie ab? Alle Kindergärten und Schulen müssen geschlossen bleiben;Schulschließung
supp_close_cafes;Support for Policies;Under the current circumstances, do you disagree or agree with the following (possible) policies against spreading the coronavirus? All cafes and restaurants have to stay closed;Close Eateries ;Unterstützung für Politikmaßnahmen;Unter den aktuellen Umständen, stimmen Sie den folgenden (möglichen) Maßnahmen gegen die Verbreitung des Coronavirus zu, oder lehnen Sie sie ab? Alle Cafés und Restaurants müssen geschlossen bleiben;Rest.schließung
supp_close_most_shops;Support for Policies;Under the current circumstances, do you disagree or agree with the following (possible) policies against spreading the coronavirus? All shops except for supermarkets and pharmacies have to stay closed;Close Shops;Unterstützung für Politikmaßnahmen;Unter den aktuellen Umständen, stimmen Sie den folgenden (möglichen) Maßnahmen gegen die Verbreitung des Coronavirus zu, oder lehnen Sie sie ab? Alle Geschäfte außer Supermärkten und Apotheken müssen geschlossen bleiben;Ladenschließung
supp_no_visitors;Support for Policies;Under the current circumstances, do you disagree or agree with the following (possible) policies against spreading the coronavirus? No visitors in hospitals and elderly homes;No Hospital Visits;Unterstützung für Politikmaßnahmen;Unter den aktuellen Umständen, stimmen Sie den folgenden (möglichen) Maßnahmen gegen die Verbreitung des Coronavirus zu, oder lehnen Sie sie ab? Keine Besucher in Krankenhäusern und Altenheimen;keine KH-Besuche
supp_curfew_high_risk;Support for Policies;Under the current circumstances, do you disagree or agree with the following (possible) policies against spreading the coronavirus? People aged 70 and over or with a medical condition have to stay at home except to do basic shopping or because urgent medical attention is required;Curfew Elderly;Unterstützung für Politikmaßnahmen;Unter den aktuellen Umständen, stimmen Sie den folgenden (möglichen) Maßnahmen gegen die Verbreitung des Coronavirus zu, oder lehnen Sie sie ab? Personen über 70 Jahren und Vorerkrankte müssen zu Hause bleiben, außer um notwendige Einkäufe zu tätigen und dringend nötige medizinische Hilfe in Anspruch zu nehmen;Sperre Senioren
supp_curfew_non_crucial;Support for Policies;Under the current circumstances, do you disagree or agree with the following (possible) policies against spreading the coronavirus? Everyone who does not work in a crucial profession has to stay at home except to do basic shopping or because urgent medical care is required;Curfew Most;Unterstützung für Politikmaßnahmen;Unter den aktuellen Umständen, stimmen Sie den folgenden (möglichen) Maßnahmen gegen die Verbreitung des Coronavirus zu, oder lehnen Sie sie ab? Jeder, der nicht in kritsichen Berufen arbeitet muss zu Hause bleiben, außer um notwendige Einkäufe zu tätigen oder dringende medizinische Hilfe in Anspruch zu nehmen.;Sperre meiste
duration_restrictions;Expected Duration of Restrictions;Until when dou you think that the limitations that exist now will remain in effect?;Duration;Erwartete Dauer der Einschränkungen;Was denken Sie, wie lange werden die aktuellen Einschränkungen bestehen bleiben?;Dauer
comply_curfew_others;Expected Compliance of Others;If the government obliges everyone to stay home tomorrow (except to do basic groceries), how many out of 100 people who don't work in critical professions would do this, do you think?;How Many Comply;Erwartete Einhaltung der Maßnahmen von Anderen;Wenn die Regierung jeden verpflichten würde, morgen zu Hause zu bleiben (außer um notwendige Einkäufe zu tätigen), was denken Sie, wie viele von 100 Personen würden dies einhalten?;erw. Einhaltung
comply_bc_civic;Reasons for Complying with Curfew;I would comply with a curfew because I see it as my civic duty.;Civic Duty;Gründe für das Einhalten der Ausgangssperre;Ich würde eine Ausgangssperre einhalten, da ich dies als meine Bürgerpflicht betrachte.;Bürgerpflicht
comply_bc_fear_punished;Reasons for Complying with Curfew;I would comply with a curfew out of fear of being punished.;Punishment;Gründe für das Einhalten der Ausgangssperre;Ich würde eine Ausgangssperre einhalten, da ich befürchte, sonst bestraft zu werden.;Bestrafung
comply_bc_protect_self;Reasons for Complying with Curfew;I would comply with a curfew to protect myself from being infected.;Protect Self;Gründe für das Einhalten der Ausgangssperre;Ich würde eine Ausgangssperre einhalten, um mich selbst vor einer Infektion zu schützen.;Selbstschutz
comply_bc_protect_close;Reasons for Complying with Curfew;I would comply with a curfew to protect those close to me.;Protect Close;Gründe für das Einhalten der Ausgangssperre;Ich würde eine Ausgangssperre einhalten, um mir Nahestehende vor einer Infektion zu schützen;Schutz Liebste
comply_bc_protect_all;Reasons for Complying with Curfew;I would comply with a curfew to protect others in general.;Protect Others;Gründe für das Einhalten der Ausgangssperre;Ich würde eine Ausgangssperre einhalten, um generell andere zu schützen.;Schutz Andere
comply_bc_high_risk;Reasons for Complying with Curfew;I would comply with a curfew to protect vulnerable groups.;Protect High Risk;Gründe für das Einhalten der Ausgangssperre;Ich würde eine Ausgangssperre einhalten, um Risikogruppen zu schützen.;Schutz h. Risiko
comply_bc_other;Reasons for Complying with Curfew;I would comply with a curfew for another reason.;Other;Gründe für das Einhalten der Ausgangssperre;Ich würde eine Ausgangssperre aus einem anderen Grund einhalten.;sonstige
comply_bc_other_str;;I would comply with a curfew because of another resaon, namely:;;;;
disobey_bc_freedom;Reasons for Disobeying a Curfew;I would disobey a curfew because I don't accept such drastic infringements of my liberties;Liberty;Gründe für die Missachtung der Ausgangssperre;Ich würde eine Ausgangssperre missachten, da ich einen solch drastischen Angriff auf meine Freiheiten nicht akzeptiere.;Freiheit
disobey_bc_not_punish;Reasons for Disobeying a Curfew;I would disobey a curfew because I don't believe that I would be punished.;No Punishment;Gründe für die Missachtung der Ausgangssperre;Ich würde eine Ausgangssperre missachten, da ich nicht glaube, bestraft zu werden.;keine Bestrafung
disobey_bc_unjustified;Reasons for Disobeying a Curfew;I would disobey a curfew because I don't believe such drastic infringements are justified to stop the spread of coronavirus.;Unjustified;Gründe für die Missachtung der Ausgangssperre;Ich würde eine Ausgangssperre missachten, da ich nicht glaube, dass solch drastische Übergriffe gerechtfertigt sind, um die Verbreitung des Coronavirus zu stoppen.;ungerechtfertigt
disobey_bc_obligations;Reasons for Disobeying a Curfew;I would disobey a curfew because I have obligations because of which I cannot follow the recommendaitons.;Obligations;Gründe für die Missachtung der Ausgangssperre;Ich würde eine Ausgangssperre missachten, da ich Verpflichtungen habe, aufgrund deren ich den Empfehlungen nicht nachkommen kann.;Verpflichtungen
disobey_bc_ineffective;Reasons for Disobeying a Curfew;I would disobey a curfew because I don't believe that a curfew will slow the spread of coronavirus.;Ineffective;Gründe für die Missachtung der Ausgangssperre;Ich würde eine Ausgangssperre missachten, da ich nicht glaube, dass eine Ausgangssperre die Verbreitung des Coronavirus verlangsamt.;ineffizient
disobey_bc_unaffected;Reasons for Disobeying a Curfew;I would disobey a curfew because I don't believe I will be affected by the outbreak.;Unaffected;Gründe für die Missachtung der Ausgangssperre;Ich würde eine Ausgangssperre missachten, da ich glaube, von dem Ausbruch nicht betroffen zu sein.;nicht betroffen
disobey_bc_bored;Reasons for Disobeying a Curfew;I would disobey a curfew because it would be too boring to stay home all the time.;Bored;Gründe für die Missachtung der Ausgangssperre;Ich würde eine Ausgangssperre missachten, da es zu langweilig wäre, die ganze Zeit zu Hause zu bleiben.;gelangweilt
disobey_bc_other;;I would disobey a curfew because of another reason.;Other;;Ich würde eine Ausgangssperre aus einem anderen Grund missachten.;sonstige
disobey_bc_other_str;;I would disobey a curfew because of another reason, namely: ;Other;;Ich würde eine Ausgangssperre aus einem anderen Grund missachten, nämlich:;sonstige
workplace_h_before_binned;Working Hours;On average, how many hours per week did you work at your workplace in early March?;At Office Before;Arbeitsstunden;Wie viele Stunden haben Sie Anfang März im Durchschnitt pro Woche an Ihrem Arbeitsplatz gearbeitet?;davor Arbeitsplatz
home_h_before_binned;Working Hours;On average, how many hours per week did you work at home in early March?;At Home Before;Arbeitsstunden;Wie viele Stunden haben Sie Anfang März im Durchschnitt pro Woche zu Hause gearbeitet?;davor zuhause
workplace_h_after_binned;Working Hours;On average, how many hours per week did you work at your workplace in the past seven days?;At Office Now;Arbeitsstunden;Wie viele Stunden haben Sie in den letzten sieben Tagen im Durchschnitt pro Woche an Ihrem Arbeitsplatz gearbeitet?;jetzt Arbeitsplatz
home_h_after_binned;Working Hours;On average, how many hours per week did you work at home  in the past seven days?;At Home Now;Arbeitsstunden;Wie viele Stunden haben Sie in den letzten sieben Tagen im Durchschnitt pro Woche zu Hause gearbeitet?;jetzt zuhause
hours_before_binned;Working Hours;Number of hours worked per week in early March;Hours Before;Arbeitsstunden;Arbeitsstunden pro Woche Anfang März;davor insg.
hours_after_binned;Working Hours;Number of hours worked In the last seven days;Hours Now;Arbeitsstunden;Arbeitsstunden in den letzten sieben Tagen;jetzt insg.
change_workplace_h_binned;Change in Working Hours;Change in hours worked at the office from before to after the epidemic;Change Office;Veränderungen in den Arbeitsstunden;Änderungen in den Arbeitsstunden am Arbeitsplatz zwischen Anfang und Ende März;Arbeitsplatz
change_home_h_binned;Change in Working Hours;Change in hours worked at home from before to after the epidemic;Change Home;Veränderungen in den Arbeitsstunden;Änderungen in den Arbeitsstunden zuhause zwischen Anfang und Ende März;Zuhause
change_all_hours_binned;Change in Working Hours;Change in hours worked overall from before to after the epidemic;Change All;Veränderungen in den Arbeitsstunden;Änderungen in den Arbeitsstunden insgesamt zwischen Anfang und Ende März;Insgesamt
not_work_lessbusiness;Reasons for Not Working Among Employees;Less business activity in the company where I work;Less Business;Gründe für Nichtarbeit unter den Arbeitnehmern;Weniger Geschäftsaktivität im Unternehmen, bei dem ich arbeite;weniger Betrieb
not_work_care;Reasons for Not Working Among Employees;Must take care of people (children, parents) who depend on me;Provide Care;Gründe für Nichtarbeit unter den Arbeitnehmern;Muss mich um Menschen (Kinder, Eltern) kümmern, welche auf mich angewiesen sind;Betreuung leisten
not_work_fear_infection;Reasons for Not Working Among Employees;I do not go to my workplace because I am afraid of being infected by the coronavirus and I cannot do the work I do at;Fear Of Infection;Gründe für Nichtarbeit unter den Arbeitnehmern;Ich begebe mich nicht an meinen Arbeitsplatz, da ich Angst davor habe, mich mit dem Coronavirus zu infizieren und die Arbeit nicht erledigen zu können.;Angst Infektion
not_work_employer;Reasons for Not Working Among Employees;Because of the risk of infection, my employer postponed work;Work Suspended;Gründe für Nichtarbeit unter den Arbeitnehmern;Aufgrund des Infektionsrisikos hat mein Arbeitgeber Arbeit verschoben;Arbeit ausgesetzt
not_work_fired;Reasons for Not Working Among Employees;I got fired;Fired;Gründe für Nichtarbeit unter den Arbeitnehmern;Ich wurde entlassen;gefeuert
not_work_other;Reasons for Not Working Among Employees;Otherwise;Other;Gründe für Nichtarbeit unter den Arbeitnehmern;Ansonsten;sonstige
not_work_other_str;;Otherwise, namely:;Other;Gründe für Nichtarbeit unter den Arbeitnehmern;Ansonsten, nämlich;sonstige
less_work_lessbusiness;Reasons for Working Less Among Employees;Less business activity in the company where I work;Less Business;Gründe für weniger Arbeit bei Arbeitnehmern ;Weniger Geschäftsaktivität im Unternehmen, bei dem ich arbeite;weniger Betrieb
less_work_care;Reasons for Working Less Among Employees;Must take care of people (children, parents) who depend on me;Provide Care;Gründe für weniger Arbeit bei Arbeitnehmern ;Muss mich um Menschen (Kinder, Eltern) kümmern, welche auf mich angewiesen sind;Betreuung leisten
less_work_fear_infection;Reasons for Working Less Among Employees;I go to my workplace less because of fear of being infected by the coronavirus and not able to work at home.;Fear Of Infection;Gründe für weniger Arbeit bei Arbeitnehmern ;Ich begebe mich seltener an meinen Arbeitsplatz, da ich Angst habe mich zu infizieren und zu Hause nicht arbeiten zu können.;Angst Infektion
less_work_employer;Reasons for Working Less Among Employees;Because of the risk of infection, my employer has decided that less work will be done;Work Suspended;Gründe für weniger Arbeit bei Arbeitnehmern ;Aufgrund des Infektionsrisikos hat mein Arbeitgeber entschieden, dass weniger Arbeit erledigt wird.;Arbeit ausgesetzt
less_work_other;Reasons for Working Less Among Employees;Otherwise;Other;Gründe für weniger Arbeit bei Arbeitnehmern ;Ansonsten;sonstige
less_work_other_str;;Otherwise, namely:;Other;;Ansonsten, nämlich;
selfempl_less_business;Reasons for Working Not Or Less Among the Self-Employed;Less business activity in my company;Less Business;Gründe für keine oder weniger Arbeit bei Selbstständigen;Weniger Geschäftsaktivität in der Firma, bei der ich arbeite;weniger Betrieb
selfempl_less_care;Reasons for Working Not Or Less Among the Self-Employed;Must take care of people (children, parents) who depend on me;Provide Care;Gründe für keine oder weniger Arbeit bei Selbstständigen;Muss mich um Menschen (Kinder, Eltern) kümmern, welche auf mich angewiesen sind;Betreuung leisten
selfempl_less_closure;Reasons for Working Not Or Less Among the Self-Employed;The entire company is closed (for now) due to the risk of contamination;Company Closed;Gründe für keine oder weniger Arbeit bei Selbstständigen;Die gesamte Firma ist wegen des Kontaminationsrisikos geschlossen;Firma geschlossen
selfempl_less_other;Reasons for Working Not Or Less Among the Self-Employed;I am working less for another reason.;Other;Gründe für keine oder weniger Arbeit bei Selbstständigen;Ich arbeite aus anderen Gründen weniger;sonstige
selfempl_less_other_str;;Otherwise, namely:;Other;;Ansonsten, nämlich;sonstige
contact_workers;Contact with Workers or Students;How often do you have personal social contacts with people who now work or study?;Contact;Kontakt mit Arbeitnehmern oder Studenten;Wie oft haben Sie persönliche soziale Kontakte mit Menschen, die im Moment arbeiten oder studieren?;Kontakt
health_skills;;Do you have a background or skill that can be immediately used by hospitals or healthcare to fight the coronavirus?;Health Skills;;Haben Sie einen Hintergrund oder Fähigkeiten, welche sofort von Krankenhäusern und Gesundheitsorganisationen zur Bekämpfung des Coronavirus genutzt werden könnten?;Gesundheitsausb.
prepared_to_help;;Suppose healthcare is overloaded by patients infected with the coronavirus. To what extent are you willing to volunteer in hospitals or retirement homes and care for people who are very ill from the coronavirus, even if that means that you are likely to contract the virus yourself?;Willing To Help;;Nehmen Sie an, das Gesundheitssystem ist mit Patienten überlastet, welche mit dem Coronavirus infiziert sind. In welchem Ausmaß würden Sie freiwillige Arbeit in Krankenhäusern und Altenheimen leisten und schwerkranken Coronapatienten helfen, auch wenn Sie dabei möglicherweise selber infiziert würden?;Hilfsbereitschaft
intend_save_more;Consumption Plans;Do you intend to do the following things in response to the spread of the coronavirus? Save more to have something to fall back on when things get worse;Save More;Konsumpläne;Beabsichtigen Sie, folgende Dinge als Reaktion auf die Ausbreitung des Coronavirus zu tun? Mehr sparen, um darauf zurückgreifen zu können, wenn die Situation sich verschlechtert;mehr sparen
intend_postpone_purchase;Consumption Plans;Do you intend to do the following things in response to the spread of the coronavirus? Postpone purchases of durable goods, such as a car, technical appliances or furniture, for the foreseeable future;Delay Purchases;Konsumpläne;Beabsichtigen Sie, folgende Dinge als Reaktion auf die Ausbreitung des Coronavirus zu tun? Käufe von langlebigen Gütern, wie z.B. Autos, technischer Geräte oder Möbeln auf absehbare Zeit verschieben;Verzögerung Käufe
intend_postpone_house;Consumption Plans;Do you intend to do the following things in response to the spread of the coronavirus? Postpone the purchase of a house or apartment;Delay House;Konsumpläne;Beabsichtigen Sie, folgende Dinge als Reaktion auf die Ausbreitung des Coronavirus zu tun? Wohnungs-/Hauskauf verschieben;Verzögerung Haus
intend_reduce_housing;Consumption Plans;Do you intend to do the following things in response to the spread of the coronavirus? Moving to a smaller house or apartment;Smaller Flat;Konsumpläne;Beabsichtigen Sie, folgende Dinge als Reaktion auf die Ausbreitung des Coronavirus zu tun? In ein kleineres Haus/eine kleinere Wohnung umziehen;kleinere Wohnung
intend_sell_shares;Consumption Plans;Do you intend to do the following things in response to the spread of the coronavirus? Selling shares;Sell Shares;Konsumpläne;Beabsichtigen Sie, folgende Dinge als Reaktion auf die Ausbreitung des Coronavirus zu tun? Anteile verkaufen;Anteile verkaufen
intend_buy_shares;Consumption Plans;Do you intend to do the following things in response to the spread of the coronavirus? Buying shares;Buy Shares;Konsumpläne;Beabsichtigen Sie, folgende Dinge als Reaktion auf die Ausbreitung des Coronavirus zu tun? Anteile kaufen;Anteile kaufen
intend_none;Consumption Plans;Do you intend to do the following things in response to the spread of the coronavirus? None of the above;No Change;Konsumpläne;Beabsichtigen Sie, folgende Dinge als Reaktion auf die Ausbreitung des Coronavirus zu tun? Keine der genannten Aktionen;keine Veränderung
eur_1k_basic_needs;Use of One-Time Allowance;If the Dutch government today announced you would receive 1000 euros next week, what would you use that money for? Basic needs (e.g. groceries);Basic Needs;Benutzung einmalige Geldzuwendung;Wenn die niederländische Regierung heute bekanntgeben würde, dass Sie nächste Woche 1000 Euro erhalten, wofür würden Sie das Geld benutzen? Grundbedürfnisse, z.B. Lebensmittel;Grundbedürfnisse
eur_1k_expenses;Use of One-Time Allowance;If the Dutch government today announced you would receive 1000 euros next week, what would you use that money for? Expenses (e.g. books);Other Expenses;Benutzung einmalige Geldzuwendung;Wenn die niederländische Regierung heute bekanntgeben würde, dass Sie nächste Woche 1000 Euro erhalten, wofür würden Sie das Geld benutzen? Aufwendungen, z.B. Bücher;andere Ausgaben
eur_1k_durables;Use of One-Time Allowance;If the Dutch government today announced you would receive 1000 euros next week, what would you use that money for? Durables;Durable Goods;Benutzung einmalige Geldzuwendung;Wenn die niederländische Regierung heute bekanntgeben würde, dass Sie nächste Woche 1000 Euro erhalten, wofür würden Sie das Geld benutzen? Langlebige Güter;langlebige Güter
eur_1k_savings;Use of One-Time Allowance;If the Dutch government today announced you would receive 1000 euros next week, what would you use that money for? Savings;Savings;Benutzung einmalige Geldzuwendung;Wenn die niederländische Regierung heute bekanntgeben würde, dass Sie nächste Woche 1000 Euro erhalten, wofür würden Sie das Geld benutzen? Sparen;Sparen
eur_1k_support_others;Use of One-Time Allowance;If the Dutch government today announced you would receive 1000 euros next week, what would you use that money for? Financially support others;Help Others;Benutzung einmalige Geldzuwendung;Wenn die niederländische Regierung heute bekanntgeben würde, dass Sie nächste Woche 1000 Euro erhalten, wofür würden Sie das Geld benutzen? Finanzielle Unterstützung anderer;anderen helfen
p_selfempl_as_normal_binned;Employment Among the Self-Employed;My company will continue as before;No Change ;Beschäftigungserwartungen von Selbstständigen;Meine Firma macht weiter wie bisher;keine Veränderung
p_selfempl_fewer_binned;Employment Among the Self-Employed;My company will have fewer activities, but will not need government support;Less Activity;Beschäftigungserwartungen von Selbstständigen;Meine Firma wird weniger Aktivitäten haben, aber keine staatliche Unterstützung benötigen;weniger Aktivität
p_selfempl_shutdown_gov_binned;Employment Among the Self-Employed;My business will have to shut down, at least temporarily, but government support will help me keep my head above water;Government Rescue;Beschäftigungserwartungen von Selbstständigen;Mein Geschäft muss, zumindest vorübergehend, schließen, aber staatliche Hilfe wird mir helfen den Kopf über Wasser zu behalten.;Staatsrettung
p_selfempl_shutdown_no_gov_binned;Employment Among the Self-Employed;My company will have to shut down, at least temporarily, and I don't get enough support from the government;Closure;Beschäftigungserwartungen von Selbstständigen;Mein Geschäft muss, zumindest vorübergehend, schließen und ich bekomme nicht genügend Unterstützung von der Regierung.;Schließung
p_selfempl_other_binned;Employment Among the Self-Employed;Something else;Other;Beschäftigungserwartungen von Selbstständigen;Etwas anderes;sonstige
p_severe_financial_distress_binned;Probability of Period With Low Income;What is the probability that the Coronavirus crisis will lead to a situation where you have no income or where your income is lower than what you need to cover basic needs and outstanding payment obligations?;Probability;Wahrscheinlichkeit einer Periode mit geringem Einkommen;Wie ist die Wahrscheinlichkeit, dass die Coronakrise zu einer Situation führt, in der Sie kein Einkommen haben, oder in der Ihr Einkommen geringer ist, als es zur Befriedigung der Grundbedürfnisse und zum Begleichen offener Zahlungsverpflichtungen nötig wäre?;Wahrscheinlichkeit
cope_savings;Economic Coping Strategies;If the crisis leads to a situation where you have no income or where the income is lower than what you need to cover basic needs and outstanding payment obligations, how do you or your household deal with this? Use savings;Use Savings;wirtschaftliche Umgangsstrategien;Wenn die Krise zu einer Situation führt, in der Sie kein Einkommen haben, oder in der Ihr Einkommen geringer ist, als es zur Befriedigung der Grundbedürfnisse und zum Begleichen offener Zahlungsverpflichtungen nötig wäre, wie würden Sie bzw. wie würde Ihr Haushalt reagieren? Ersparnisse nutzen;Ersparnisse nutzen
cope_loan;Economic Coping Strategies;If the crisis leads to a situation where you have no income or where the income is lower than what you need to cover basic needs and outstanding payment obligations, how do you or your household deal with this? Have to take out a loan / increase the mortgage;Get Loan;wirtschaftliche Umgangsstrategien;Wenn die Krise zu einer Situation führt, in der Sie kein Einkommen haben, oder in der Ihr Einkommen geringer ist, als es zur Befriedigung der Grundbedürfnisse und zum Begleichen offener Zahlungsverpflichtungen nötig wäre, wie würden Sie bzw. wie würde Ihr Haushalt reagieren? Schulden aufnehmen/Hypothek erhöhen;Kredit nehmen
cope_family;Economic Coping Strategies;If the crisis leads to a situation where you have no income or where the income is lower than what you need to cover basic needs and outstanding payment obligations, how do you or your household deal with this? Must rely on family;Family;wirtschaftliche Umgangsstrategien;Wenn die Krise zu einer Situation führt, in der Sie kein Einkommen haben, oder in der Ihr Einkommen geringer ist, als es zur Befriedigung der Grundbedürfnisse und zum Begleichen offener Zahlungsverpflichtungen nötig wäre, wie würden Sie bzw. wie würde Ihr Haushalt reagieren? Muss mich auf Familie verlassen;Familie
cope_unemp;Economic Coping Strategies;If the crisis leads to a situation where you have no income or where the income is lower than what you need to cover basic needs and outstanding payment obligations, how do you or your household deal with this? Must apply for unemployment / disability benefits;Unempl. Benefits;wirtschaftliche Umgangsstrategien;Wenn die Krise zu einer Situation führt, in der Sie kein Einkommen haben, oder in der Ihr Einkommen geringer ist, als es zur Befriedigung der Grundbedürfnisse und zum Begleichen offener Zahlungsverpflichtungen nötig wäre, wie würden Sie bzw. wie würde Ihr Haushalt reagieren? Muss mich für Arbeitslosen-/Erwerbsunfähigkeitshilfe bewerben;Arbeitslosengeld
cope_retire;Economic Coping Strategies;If the crisis leads to a situation where you have no income or where the income is lower than what you need to cover basic needs and outstanding payment obligations, how do you or your household deal with this? Must retire (early);Retire;wirtschaftliche Umgangsstrategien;Wenn die Krise zu einer Situation führt, in der Sie kein Einkommen haben, oder in der Ihr Einkommen geringer ist, als es zur Befriedigung der Grundbedürfnisse und zum Begleichen offener Zahlungsverpflichtungen nötig wäre, wie würden Sie bzw. wie würde Ihr Haushalt reagieren? Muss in (Früh-)Ruhestand;Rente
cope_soc_assist;Economic Coping Strategies;If the crisis leads to a situation where you have no income or where the income is lower than what you need to cover basic needs and outstanding payment obligations, how do you or your household deal with this? Must rely on social assistance;Social Assistance;wirtschaftliche Umgangsstrategien;Wenn die Krise zu einer Situation führt, in der Sie kein Einkommen haben, oder in der Ihr Einkommen geringer ist, als es zur Befriedigung der Grundbedürfnisse und zum Begleichen offener Zahlungsverpflichtungen nötig wäre, wie würden Sie bzw. wie würde Ihr Haushalt reagieren? Muss mich auf Sozialhilfe verlassen;Sozialhilfe
cope_other;Skip;If the crisis leads to a situation where you have no income or where the income is lower than what you need to cover basic needs and outstanding payment obligations, how do you or your household deal with this? Other, namely:;Other;;Wenn die Krise zu einer Situation führt, in der Sie kein Einkommen haben, oder in der Ihr Einkommen geringer ist, als es zur Befriedigung der Grundbedürfnisse und zum Begleichen offener Zahlungsverpflichtungen nötig wäre, wie würden Sie bzw. wie würde Ihr Haushalt reagieren? Anders, nämlich:;sonstige
cope_other_str;Skip;If the crisis leads to a situation where you have no income or where the income is lower than what you need to cover basic needs and outstanding payment obligations, how do you or your household deal with this? Other, namely:;Other;;Wenn die Krise zu einer Situation führt, in der Sie kein Einkommen haben, oder in der Ihr Einkommen geringer ist, als es zur Befriedigung der Grundbedürfnisse und zum Begleichen offener Zahlungsverpflichtungen nötig wäre, wie würden Sie bzw. wie würde Ihr Haushalt reagieren? Anders, nämlich:;sonstige
nervous_back;Mental Health in the Past Week;The past seven days I was very nervous;Nervous Before;Psychische Gesundheit in den letzten Wochen;Ich war die letzten sieben Tage lang sehr nervös;vorher nervös
nervous;Mental Health in the Past Week;The past seven days I was very nervous;Nervous Now;Psychische Gesundheit in den letzten Wochen;Ich war die letzten sieben Tage lang sehr nervös;jetzt nervös
depressed_back;Mental Health in the Past Week;The past seven days I was so down that nothing could cheer me up;Depressed Before;Psychische Gesundheit in den letzten Wochen;Ich war die letzten sieben Tage lang so deprimiert, dass mich nichts aufheitern konnte;vorher deprimiert
depressed;Mental Health in the Past Week;The past seven days I was so down that nothing could cheer me up;Depressed Now;Psychische Gesundheit in den letzten Wochen;Ich war die letzten sieben Tage lang so deprimiert, dass mich nichts aufheitern konnte;jetzt deprimiert
gloomy_back;Mental Health in the Past Week;The past seven days I felt dejected and gloomy;Gloomy Before;Psychische Gesundheit in den letzten Wochen;Ich fühlte mich die letzten sieben Tage lang entmutigt und betrübt;vorher betrübt
gloomy;Mental Health in the Past Week;The past seven days I felt dejected and gloomy;Gloomy Now;Psychische Gesundheit in den letzten Wochen;Ich fühlte mich die letzten sieben Tage lang entmutigt und betrübt;jetzt betrübt
calm_back;Mental Health in the Past Week;The past seven days I felt calm and peaceful;Calm Before;Psychische Gesundheit in den letzten Wochen;Ich fühlte mich die letzten sieben Tage lang ruhig und freidlich;vorher ruhig
calm;Mental Health in the Past Week;The past seven days I felt calm and peaceful;Calm Now;Psychische Gesundheit in den letzten Wochen;Ich fühlte mich die letzten sieben Tage lang ruhig und freidlich;jetzt ruhig
happy_back;Mental Health in the Past Week;The past seven daysI felt happy;Happy Before;Psychische Gesundheit in den letzten Wochen;Ich fühlte mich die letzten sieben Tage lang glücklich;vorher glücklich
happy;Mental Health in the Past Week;The past seven daysI felt happy;Happy Now;Psychische Gesundheit in den letzten Wochen;Ich fühlte mich die letzten sieben Tage lang glücklich;jetzt glücklich
concern_bored;Health Concerns;That I get very bored;Bored;Gesundheitssorgen;Dass ich sehr gelangweilt werde;gelangweilt
concern_infect_others;Health Concerns;That I get infected with the coronavirus and infect others;Spreading;Gesundheitssorgen;Dass ich mich mit dem Coronavirus infiziere und andere anstecke;Verbreitung
concern_loved_ill;Health Concerns;That loved ones become infected with the coronavirus and become very ill or die;Loved Ones;Gesundheitssorgen;Dass Nahestehende mit dem Coronavirus infiziert werden und sehr krank werden oder sterben;Liebsten
concern_serious_ill;Health Concerns;That I become infected with the coronavirus and become very ill or die;Very Sick Or Die;Gesundheitssorgen;Dass ich mit dem Coronavirus infiziert werde und sehr krank werde oder sterbe;sehr krank/sterben 
concern_health_care;Health Concerns;That I will not get good health care;Health Care;Gesundheitssorgen;Dass ich keine gute Gesundheitsversorgung erhalte;Gesundheitsvers.
concern_fav_shop_bancrupt;Economic Concerns;That my favorite restaurant / cafe is going bankrupt;Favorite Shop;wirtschaftliche Sorgen;Dass mein Lieblingsrestaurant/-café bankrott geht;Lieblingslokal
concern_company;;That my company gets in financial difficulties.;Employer;;Dass meine Firma in finanzielle Schwierigkeiten gerät.;Arbeitgeber
concern_unemp;Economic Concerns;That I will lose my job;Lose Job;wirtschaftliche Sorgen;Dass ich meinen Job verliere;Job verlieren
concern_new_job;;That I won't be able to find a new job.;No New Job;;Dass ich keinen neuen Job finden kann;kein neuer Job
concern_food;Economic Concerns;That I am unable to buy enough food;Not Enough Food;wirtschaftliche Sorgen;Dass ich nicht genug Essen kaufen kann;nicht genug Essen
duration_econ_crisis;Duration of the Economic Crisis;How long do you think the economic crisis will last?;Duration;Dauer der Wirtschaftskrise;Was denken Sie, wie lange wird die Wirtschaftskrise dauern?;Dauer
p_job_loss_empl;Probabilities of Economic Repercussions;How likely is it that the following economic effects of the coronavirus crisis will occur to you in the next 12 months? Job loss (employed);Job Loss;Wahrscheinlichkeit von wirtschaftlichen Auswirkungen;Wie wahrscheinlich ist es, dass Sie die folgenden Auswirkungen der Coronakrise in den nächsten 12 Monaten treffen werden? Jobverlust (angestellt);Jobverlust
p_job_loss_selfempl;Probabilities of Economic Repercussions;How likely is it that the following economic effects of the coronavirus crisis will occur to you in the next 12 months? No more contracts (self-employed);No More Orders;Wahrscheinlichkeit von wirtschaftlichen Auswirkungen;Wie wahrscheinlich ist es, dass Sie die folgenden Auswirkungen der Coronakrise in den nächsten 12 Monaten treffen werden? Keine Verträge mehr (selbstständig);keine Aufträge
p_shorten_pension;Probabilities of Economic Repercussions;How likely is it that the following economic effects of the coronavirus crisis will occur to you in the next 12 months? Shortening my pension;Pension Smaller;Wahrscheinlichkeit von wirtschaftlichen Auswirkungen;Wie wahrscheinlich ist es, dass Sie die folgenden Auswirkungen der Coronakrise in den nächsten 12 Monaten treffen werden? Kürzungen meiner Rente;weniger Rente
p_drop_in_assets;Probabilities of Economic Repercussions;How likely is it that the following economic effects of the coronavirus crisis will occur to you in the next 12 months? Assets will drop in value;Asset Values;Wahrscheinlichkeit von wirtschaftlichen Auswirkungen;Wie wahrscheinlich ist es, dass Sie die folgenden Auswirkungen der Coronakrise in den nächsten 12 Monaten treffen werden? Anlagen verlieren Wert;Vermögenswerte
p_bank_bancrupt;Probabilities of Economic Repercussions;How likely is it that the following economic effects of the coronavirus crisis will occur to you in the next 12 months? My bank will go bankrupt;Bank Failure;Wahrscheinlichkeit von wirtschaftlichen Auswirkungen;Wie wahrscheinlich ist es, dass Sie die folgenden Auswirkungen der Coronakrise in den nächsten 12 Monaten treffen werden? Meine Bank geht pleite;Bankpleite
p_struggle_debts;Probabilities of Economic Repercussions;How likely is it that the following economic effects of the coronavirus crisis will occur to you in the next 12 months? Struggle to repay debts;Hard To Repay Debt;Wahrscheinlichkeit von wirtschaftlichen Auswirkungen;Wie wahrscheinlich ist es, dass Sie die folgenden Auswirkungen der Coronakrise in den nächsten 12 Monaten treffen werden? Schwierigkeiten, Schulden zurückzuzahlen;Probleme Kredite
exp_house_prices_direction;House Prices;At what level will house prices in 12 months be compared to house prices in February (ie before the coronavirus outbreak)?;Direction;Hauspreise;Auf welchem Niveau werden Hauspreise in 12 Monaten sein, im Vergleich zu den Hauspreisen im Februar (vor dem Ausbruch des Coronavirus)?;Richtung
exp_house_prices_percent;House Prices;How many percent ^ f_hogerlager ;Price Change;Hauspreise;Wie viel Prozent;Preisänderung
exp_spend_less;Consumption Plans Next 12 Months;If you think about the coronavirus outbreak at this moment and then look ahead to the next 12 months, do you agree with the following statements? Spend less;Spend Less;Konsumpläne nächste 12 Monate;Wenn sie jetzt über den Ausbruch des Coronavirus nachdenken und dann auf die nächsten 12 Monate blicken, stimmen Sie folgenden Äußerungen zu? Weniger ausgeben;weniger ausgeben
exp_work_more;Consumption Plans Next 12 Months;If you think about the coronavirus outbreak at this moment and then look ahead to the next 12 months, do you agree with the following statements? Work more;Work More;Konsumpläne nächste 12 Monate;Wenn sie jetzt über den Ausbruch des Coronavirus nachdenken und dann auf die nächsten 12 Monate blicken, stimmen Sie folgenden Äußerungen zu? Mehr arbeiten;mehr arbeiten
exp_work_less;Consumption Plans Next 12 Months;If you think about the coronavirus outbreak at this moment and then look ahead to the next 12 months, do you agree with the following statements? Work less;Work Less;Konsumpläne nächste 12 Monate;Wenn sie jetzt über den Ausbruch des Coronavirus nachdenken und dann auf die nächsten 12 Monate blicken, stimmen Sie folgenden Äußerungen zu? Weniger arbeiten;weniger arbeiten
exp_borrow;Consumption Plans Next 12 Months;If you think about the coronavirus outbreak at this moment and then look ahead to the next 12 months, do you agree with the following statements? Borrow extra;Borrow Extra;Konsumpläne nächste 12 Monate;Wenn sie jetzt über den Ausbruch des Coronavirus nachdenken und dann auf die nächsten 12 Monate blicken, stimmen Sie folgenden Äußerungen zu? Mehr verschulden;mehr leihen
exp_postpone_house;Consumption Plans Next 12 Months;If you think about the coronavirus outbreak at this moment and then look ahead to the next 12 months, do you agree with the following statements? Postpone house purchase;Delay House;Konsumpläne nächste 12 Monate;Wenn sie jetzt über den Ausbruch des Coronavirus nachdenken und dann auf die nächsten 12 Monate blicken, stimmen Sie folgenden Äußerungen zu? Hauskauf verschieben;versch. Hauskauf
gov_action_approp;;I think the government's action is appropriate;;;;
gov_action_insuff;;I think the measures taken are insufficient;;;;
save_banks;;The government must be prepared to save banks;;;;
help_pension_funds;;Pension funds need to be helped.;;;;
personal_id;;personal identifier;;;;
p_employed_keep_binned;Employment Among Employees;I will keep my job because my employer / company is not financially affected by the corona virus or is financially healthy enough to continue to pay wages;Healthy Job;Beschäftigungserwartungen von Arbeitnehmern;Ich werde meinen Job behalten, da mein Arbeitgeber/meine Firma finanziell nicht vom Coronavirus betroffen ist oder finanziell gesund genug ist um weiter Gehälter zu zahlen.;sicherer Job
p_employed_keep_gov_binned;Employment Among Employees;I will keep my job because the government provides help to my employer / company (eg by paying wages);Job With Help;Beschäftigungserwartungen von Arbeitnehmern;Ich werde meinen Job behalten, da die Regierung meinem Arbeitgeber/meiner Firma Hilfen zur Verfügung stellt (z.B. Gehälter zahlen);gestützter Job
p_employed_lost_binned;Employment Among Employees;I will have lost my job or the number of hours will have been reduced to 0 indefinitely (e.g., forced unpaid leave, I am paid per hour in a restaurant ...);No Income;Beschäftigungserwartungen von Arbeitnehmern;Ich werde meinen Job verloren haben oder die Arbeitsstundenzahl wird für unbestimmte Zeit auf 0 reduziert sein (z.B. unbezahlter Zwangsurlaub, ich werde in einem Restaurant nach Stunden bezahlt,);kein Einkommen
p_employed_other_binned;Employment Among Employees;Something else is happening;Other;Beschäftigungserwartungen von Arbeitnehmern;Etwas anderes wird passieren;sonstige
note_survey;questionnaire;Would you like to comment on the coronavirus outbreak? For example about things that you find important and about which we have not asked questions, or about which you would like to provide more information?;;Fragebogen;;
questionnaire_difficult;questionnaire;Was it difficult to answer the questions?;;Fragebogen;;
questionnaire_clear;questionnaire;Were the questions sufficiently clear?;;Fragebogen;;
questionnaire_thinking;questionnaire;Did the questionnaire get you thinking about things?;;Fragebogen;;
questionnaire_interesting;questionnaire;Was it an interesting subject?;;Fragebogen;;
questionnaire_enjoy;questionnaire;Did you enjoy answering the questions?;;Fragebogen;;
start_date;questionnaire;date of questionnaire start;;Fragebogen;;
start_time;questionnaire;time of questionnaire start;;Fragebogen;;
end_date;questionnaire;date of questionnaire end;;Fragebogen;;
end_time;questionnaire;time of questionnaire end ;;Fragebogen;;
duration;questionnaire;time it took to fill the questionnaire in seconds;;Fragebogen;;
hh_id;background;Household number;;Hintergrundinformationen;;
hh_position;background;;;Hintergrundinformationen;;
birth_year;background;birth year;;Hintergrundinformationen;;
age;background;Age ;;Hintergrundinformationen;;
hh_members;background;Number of Household Members.;;Hintergrundinformationen;;
hh_children;background;number of all children living in the household;;Hintergrundinformationen;;
hh_wedded;background;do you live with a married or unmarried partner;;Hintergrundinformationen;;
civil_status;background;Marital status;;Hintergrundinformationen;;
dom_situation;background;What is your domestic situation? ;;Hintergrundinformationen;;
dwelling_type;background;;;Hintergrundinformationen;;
location_urban;background;;;Hintergrundinformationen;;
occupation;background;;;Hintergrundinformationen;;
gross_income_hh_imputed;background;imputed gross household income;;Hintergrundinformationen;;
net_income_hh;background;Net income household;;Hintergrundinformationen;;
gross_income_hh;background;Gross income household;;Hintergrundinformationen;;
education_cbs;background;education in CBS categories;;Hintergrundinformationen;;
female;background;Female;;Hintergrundinformationen;;
net_income;background;Net income;;Hintergrundinformationen;;
gross_income;background;Gross income;;Hintergrundinformationen;;
